<?xml version="1.0" encoding="UTF-8"?>
<project-private xmlns="http://www.netbeans.org/ns/project-private/1">
    <editor-bookmarks xmlns="http://www.netbeans.org/ns/editor-bookmarks/2" lastBookmarkId="0"/>
    <open-files xmlns="http://www.netbeans.org/ns/projectui-open-files/2">
        <group>
            <file>file:/D:/programming/breakoutclonetest/BreakoutEgypt/web/assets/js/PowerUpModule.js</file>
            <file>file:/D:/programming/breakoutclonetest/BreakoutEgypt/web/assets/js/Level.js</file>
            <file>file:/D:/programming/breakoutclonetest/BreakoutEgypt/web/assets/js/ArcadeIndex.js</file>
            <file>file:/D:/programming/breakoutclonetest/BreakoutEgypt/src/java/com/breakoutegypt/domain/powers/BreakoutPowerUpHandler.java</file>
            <file>file:/D:/programming/breakoutclonetest/BreakoutEgypt/web/assets/js/DrawingModule.js</file>
            <file>file:/D:/programming/breakoutclonetest/BreakoutEgypt/src/java/com/breakoutegypt/domain/Level.java</file>
            <file>file:/D:/programming/breakoutclonetest/BreakoutEgypt/web/WEB-INF/pages/arcade.jsp</file>
        </group>
    </open-files>
</project-private>
